{
  "up_xgb_rmse": 0.03925505104834833,
  "up_xgb_mae": 0.02620138615116016,
  "up_naive_rmse": 0.04427813889005559,
  "up_naive_mae": 0.02924336094307156,
  "up_improve_pct": 11.34439695891417,
  "dn_xgb_rmse": 0.04005678469590481,
  "dn_xgb_mae": 0.027726610533067353,
  "dn_naive_rmse": 0.03984898671443144,
  "dn_naive_mae": 0.02610907683371348,
  "dn_improve_pct": -0.5214636521688965,
  "avg_improve_pct": 5.411466653372637,
  "n_predictions": 166200,
  "n_dates": 1662,
  "n_tickers": 100
}