{
  "up_mdn_rmse": 0.03761831248711545,
  "up_mdn_mae": 0.024836190044879913,
  "up_naive_rmse": 0.043939554032593114,
  "up_naive_mae": 0.028806913236868254,
  "up_improve_pct": 14.386221445918057,
  "up_avg_nll": 1.9106900382924963,
  "dn_mdn_rmse": 0.03615749972058028,
  "dn_mdn_mae": 0.02398028038442135,
  "dn_naive_rmse": 0.038973656968029236,
  "dn_naive_mae": 0.025465931003745237,
  "dn_improve_pct": 7.225796772828119,
  "dn_avg_nll": 2.29989575015174,
  "avg_improve_pct": 10.806009109373088,
  "mean_up_pred_std": 47849.9453125,
  "mean_dn_pred_std": 10261.7861328125,
  "n_predictions": 154700,
  "n_dates": 1547,
  "n_tickers": 100
}