{
  "up_cvae_rmse": 0.03748713852694039,
  "up_cvae_mae": 0.02519282139837742,
  "up_naive_rmse": 0.04423286348467342,
  "up_naive_mae": 0.029210263001402482,
  "up_improve_pct": 15.250482167111802,
  "up_avg_nll": 6.002227319154143,
  "dn_cvae_rmse": 0.03603278633015986,
  "dn_cvae_mae": 0.02432171441614628,
  "dn_naive_rmse": 0.03985071642599879,
  "dn_naive_mae": 0.02613104597635987,
  "dn_improve_pct": 9.580580823254902,
  "dn_avg_nll": 10.469143803381714,
  "avg_improve_pct": 12.415531495183352,
  "mean_up_pred_std": 0.020926369354128838,
  "mean_dn_pred_std": 0.020087512210011482,
  "n_predictions": 166800,
  "n_dates": 1668,
  "n_tickers": 100
}