{
  "up_fnn_rmse": 0.03901405066821221,
  "up_fnn_mae": 0.025296472999246342,
  "up_naive_rmse": 0.0439875633223741,
  "up_naive_mae": 0.028841039401697667,
  "up_improve_pct": 11.30663369032795,
  "dn_fnn_rmse": 0.03825998962459238,
  "dn_fnn_mae": 0.02561044743137005,
  "dn_naive_rmse": 0.03896829574894859,
  "dn_naive_mae": 0.025439647324753806,
  "dn_improve_pct": 1.8176471686610074,
  "avg_improve_pct": 6.5621404294944785,
  "n_predictions": 154100,
  "n_dates": 1541,
  "n_tickers": 100
}